,customer_id,churn_proba,prediction
1846,2680-XKKNJ,0.12127978711450664,0
6339,8976-OQHGT,0.23605651746145284,0
4254,5995-SNNEW,0.6594595512497888,1
6371,9027-YFHQJ,0.25844299371917034,0
5231,7361-YPXFS,0.12627930195162554,0
5147,7243-LCGGZ,0.2005948157192275,0
6010,8486-AYEQH,0.45005753507104745,0
5697,8028-PNXHQ,0.014772658437159417,0
2188,3134-DSHVC,0.07588012456253206,0
6400,9065-ZCPQX,0.012579732658289681,0
1763,2578-JQPHZ,0.09351598327827755,0
6046,8565-HBFNN,0.09412035461493962,0
5379,7594-RQHXR,0.7337019359632238,1
4456,6284-KMNUF,0.1960896611348915,0
6693,9507-EXLTT,0.732744306310681,1
3551,5032-MIYKT,0.6982967420990321,1
1696,2474-BRUCM,0.3741059526880471,0
713,1051-EQPZR,0.04528859281874198,0
4407,6212-ATMLK,0.3680880670827433,0
2288,3269-ATYWD,0.46958973730446174,0
5959,8401-EMUWF,0.20463047065774356,0
1742,2535-PBCGC,0.019434433580884994,0
6719,9544-PYPSJ,0.27084153621288254,0
1102,1602-IJQQE,0.5841182608609712,1
309,0458-HEUZG,0.0896799916927859,0
1794,2619-WFQWU,0.6960227935508505,1
1676,2446-PLQVO,0.69664391858053,1
3400,4826-DXMUP,0.09431811216175656,0
2262,3230-WYKIR,0.19471663181657906,0
2735,3891-PUQOD,0.38474875109890794,0
4436,6253-WRFHY,0.2632685985393128,0
2531,3623-FQBOX,0.15603836990875708,0
3392,4821-WQOYN,0.009351421873638351,0
3096,4439-YRNVD,0.2397247401048275,0
3721,5233-AOZUF,0.46364290356061555,0
5610,7901-IIDQV,0.06530118331271483,0
5863,8242-JSVBO,0.37586572997101286,0
6648,9451-LPGOO,0.7161820106477775,1
1023,1478-VPOAD,0.3162596937130212,0
2757,3926-CUQZX,0.4330445592048458,0
3712,5222-JCXZT,0.17737581430244886,0
1236,1833-VGRUM,0.7125374357391696,1
6376,9033-EOXWV,0.13912609830078643,0
3906,5495-GPSRW,0.06374320104414284,0
4111,5815-HGGHV,0.13640274427477878,0
595,0872-CASZJ,0.03782274586119342,0
6616,9402-CXWPL,0.08290890843649634,0
6038,8559-CIZFV,0.10925936913264216,0
4866,6857-VWJDT,0.7009179507667599,1
2237,3197-ARFOY,0.5711577700138669,1
5010,7037-MTYVW,0.07859212304603132,0
2913,4143-OOBWZ,0.7097540483653813,1
5424,7636-PEPNS,0.04108964391118768,0
696,1027-LKKQQ,0.020723219664644636,0
5265,7421-ZLUPA,0.4498715945507532,0
5716,8050-WYBND,0.2637979285118063,0
2415,3454-JFUBC,0.010855138347088452,0
6179,8746-OQQRW,0.19594454321224486,0
1959,2834-SPCJV,0.2108185852715451,0
2275,3253-HKOKL,0.1558541350413136,0
4608,6500-JVEGC,0.09286092604039564,0
6981,9909-DFRJA,0.3002136161584078,0
3507,4971-PUYQO,0.5779662175530306,1
6903,9800-ONTFE,0.5344423463630402,1
2965,4236-UJPWO,0.36785192784999154,0
3220,4616-ULAOA,0.08417918069944468,0
940,1360-JYXKQ,0.13578494392288584,0
2223,3179-GBRWV,0.3444196638036552,0
547,0810-BDHAW,0.16010103710855852,0
668,0975-VOOVL,0.3804706272671438,0
3346,4770-QAZXN,0.13368777549408556,0
4702,6625-UTXEW,0.3615549045359035,0
4424,6235-VDHOM,0.35927046514946437,0
3967,5583-SXDAG,0.586466117762274,1
5891,8286-AFUYI,0.3340895596637008,0
213,0328-GRPMV,0.6958155927587233,1
2505,3583-EKAPL,0.4811162625938573,0
2332,3338-CVVEH,0.6012116681058512,1
5515,7766-CLTIC,0.3015255749991227,0
2561,3662-FXJFO,0.018553761720621273,0
3152,4523-WXCEF,0.22198782142392018,0
2474,3540-RZJYU,0.5330914925645152,1
283,0420-BWTPW,0.32065972054782377,0
3512,4980-URKXC,0.03212875860311252,0
2640,3752-CQSJI,0.2021293336896098,0
5300,7486-KSRVI,0.19568114471410183,0
440,0643-OKLRP,0.2309953936091834,0
1300,1930-WNXSB,0.28876008691402827,0
5006,7032-LMBHI,0.08146185299039946,0
420,0620-XEFWH,0.17694761195646916,0
6670,9488-HGMJH,0.7001500393441591,1
3159,4530-NDRKU,0.039416331071062724,0
5885,8270-RKSAP,0.6295084603684431,1
5055,7108-DGVUU,0.15785965636594906,0
6919,9821-POOTN,0.4086205096489519,0
149,0248-IPDFW,0.4572232398298981,0
624,0916-QOFDP,0.6973726655911858,1
4658,6575-SUVOI,0.2235990976671443,0
3219,4616-EWBNJ,0.0655529243087031,0
2256,3223-WZWJM,0.5361865745702854,1
1529,2236-HILPA,0.008605516520008731,0
5437,7654-YWJUF,0.15162176864694027,0
2250,3213-VVOLG,0.09199094791819336,0
771,1122-JWTJW,0.6980904189714572,1
3781,5318-YKDPV,0.05870355465278742,0
2513,3590-TCXTB,0.19887326219468734,0
2194,3144-AUDBS,0.28525697174574816,0
4586,6469-QJKZW,0.18068572083801826,0
884,1285-OKIPP,0.6325668787012001,1
5105,7175-NTIXE,0.2470163389356232,0
4507,6352-TWCAU,0.46272798008430693,0
5509,7758-XKCBS,0.2695171532530085,0
3386,4817-QRJSX,0.6676511527100281,1
798,1166-PQLGG,0.00576757784009656,0
3225,4625-LAMOB,0.016874037096525678,0
5788,8149-AIQCG,0.36299159645150814,0
3855,5419-KLXBN,0.5707659691810963,1
938,1357-BIJKI,0.23556703338784918,0
6348,8990-YOZLV,0.01787237350859633,0
24,0031-PVLZI,0.18126624575601452,0
3282,4690-LLKUA,0.2930184168537697,0
6018,8510-AWCXC,0.7252945492557831,1
5420,7633-MVPUY,0.024394054877233944,0
5918,8329-UTMVM,0.32913508220266674,0
3825,5377-NDTOU,0.016529314717885903,0
6956,9867-JCZSP,0.06401300860388275,0
494,0723-VSOBE,0.06425683222275105,0
305,0447-RXSGD,0.6291898129805772,1
2747,3908-MKIMJ,0.03648895807611818,0
6803,9658-WYUFB,0.6666253702292682,1
6495,9209-NWPGU,0.03869215028290371,0
1340,1996-DBMUS,0.27794423606426977,0
5817,8189-HBVRW,0.2267173202797348,0
2831,4023-RTIQM,0.20570048221280274,0
5583,7860-KSUGX,0.01618533470063472,0
5717,8050-XGRVL,0.027379762879195566,0
3076,4402-FTBXC,0.21675627813033432,0
4627,6521-YYTYI,0.7827509640230217,1
1630,2371-JUNGC,0.14470139322471862,0
6682,9498-FIMXL,0.13085389533475741,0
7006,9940-HPQPG,0.615413391287241,1
4828,6797-LNAQX,0.05947734326501629,0
119,0207-MDKNV,0.4912522209171292,0
6471,9163-GHAYE,0.2303780423806643,0
5526,7781-EWARA,0.025143171236871893,0
3525,4999-IEZLT,0.016139353594382438,0
2915,4146-SVFUD,0.31965705417503465,0
981,1423-BMPBQ,0.2801593568654134,0
818,1195-OIYEJ,0.685879604933698,1
25,0032-PGELS,0.4047288155009482,0
5418,7632-MNYOY,0.07218820871775551,0
6336,8972-HJWNV,0.7071412473805534,1
5989,8445-DNBAE,0.4569802573739299,0
4327,6103-LIANB,0.13686116009187035,0
6733,9564-KCLHR,0.23816045075774317,0
1220,1809-DMJHQ,0.2930700489750084,0
3263,4664-NJCMS,0.06865328709645752,0
5876,8262-COGGB,0.28592135690128856,0
5495,7734-DBOAI,0.32399469264865727,0
1858,2694-CIUMO,0.5138023902509137,1
905,1320-GVNHT,0.103101250760372,0
144,0237-YFUTL,0.30897474295172683,0
1154,1698-XFZCI,0.1961207842642075,0
5999,8465-SBRXP,0.15865453454311923,0
6419,9091-WTUUY,0.01412159068952375,0
3755,5294-CDGWY,0.08197522706217412,0
2432,3486-HOOGQ,0.013788041026577671,0
4737,6674-KVJHG,0.08576388987800213,0
4603,6486-LHTMA,0.3542983932490025,0
1246,1845-CSBRZ,0.4622933045214816,0
6308,8922-NPKBJ,0.01782392006102817,0
5056,7109-CQYUZ,0.051159430485965954,0
2708,3855-ONCAR,0.7079271853621699,1
5020,7055-HNEOJ,0.3376315471575389,0
6427,9101-NTIXF,0.18998588548316142,0
4047,5701-YVSVF,0.5396596763348197,1
1037,1498-NHTLT,0.037823077850925375,0
2178,3118-UHVVQ,0.007579203069131508,0
3791,5331-RGMTT,0.34809734091190264,0
3217,4614-NUVZD,0.7394016145218383,1
1299,1930-QPBVZ,0.03609356403318546,0
801,1169-WCVAK,0.49233457512403067,0
5035,7078-NVFAM,0.2687102260669328,0
4531,6383-ZTSIW,0.22846575255227003,0
2198,3148-AOIQT,0.011504856006754416,0
1255,1853-UDXBW,0.6954009528223826,1
1290,1921-KYSAY,0.07179513690755326,0
5159,7252-NTGSS,0.32200392208227185,0
4668,6584-VQMYT,0.09915453959450804,0
4384,6178-KFNHS,0.638397016164086,1
5925,8344-WFMFH,0.38303136297776524,0
5671,7994-XIRTR,0.02667310917167318,0
493,0723-FDLAY,0.08723891897418157,0
1016,1468-DEFNC,0.013742141881364111,0
813,1187-WILMM,0.03432437943679325,0
4035,5692-FPTAH,0.43448749158522976,0
760,1104-FEJAM,0.19820113680378637,0
3385,4817-KEQSP,0.006025583768520874,0
5945,8383-SGHJU,0.05163504199475918,0
1986,2869-ADAWR,0.3834280491966255,0
4836,6815-ABQFQ,0.14586052221387547,0
3158,4529-CKBCL,0.7285126447920719,1
2409,3451-VAWLI,0.02330862691478054,0
4960,6982-SSHFK,0.3188058993353845,0
189,0305-SQECB,0.1967419890490455,0
5764,8107-KNCIM,0.6057435109433956,1
428,0623-IIHUG,0.38950887636011405,0
3625,5136-KCKGI,0.39605834684947555,0
237,0365-BZUWY,0.7011040388876336,1
4607,6497-TILVL,0.2963427275832111,0
2673,3797-FKOGQ,0.570807680558696,1
5373,7587-AOVVU,0.35940625755199107,0
3172,4548-SDBKE,0.7252316091500817,1
2761,3932-CMDTD,0.546084142119445,1
6372,9028-LIHRP,0.035590121684952264,0
4602,6485-QXWWE,0.009546943925880073,0
4897,6898-MDLZW,0.25781940571214607,0
2692,3815-SLMEF,0.28367056174565597,0
6156,8720-RQSBJ,0.3171072151807629,0
3545,5025-GOOKI,0.1583681758016462,0
6461,9142-KZXOP,0.21190841022653858,0
852,1236-WFCDV,0.5631443783754908,1
4932,6942-LBFDP,0.27859031424980596,0
6192,8756-RDDLT,0.03930376994157922,0
5026,7064-JHXCE,0.008505851435448686,0
3632,5144-PQCDZ,0.26124488098782694,0
3714,5226-NOZFC,0.5449405805648863,1
6989,9919-YLNNG,0.35107872123870376,0
2592,3705-PSNGL,0.036216049714661185,0
1906,2775-SEFEE,0.18660166014376678,0
3130,4488-KQFDT,0.18465339936469594,0
2068,2977-CEBSX,0.031108126390551417,0
4785,6729-FZWSY,0.015685642117955825,0
5584,7860-UXCRM,0.016224554503368037,0
310,0459-SPZHJ,0.03257922214670479,0
2059,2962-XPMCQ,0.42394294778434827,0
3437,4873-ILOLJ,0.5857984589206356,1
775,1131-QQZEB,0.0065260379319324584,0
5180,7284-ZZLOH,0.035718514831150044,0
1127,1656-DRSMG,0.21468558382539313,0
3286,4694-PHWFW,0.1586626305115071,0
1462,2159-TURXX,0.17482446531177628,0
4124,5832-XKAES,0.686418640271054,1
506,0742-LAFQK,0.08751416796618296,0
6488,9191-MYQKX,0.6676248682811254,1
6306,8920-NAVAY,0.12699591895778664,0
4564,6435-SRWBJ,0.5950583475220813,1
5182,7291-CDTMJ,0.28273354070894197,0
5516,7767-UXAGJ,0.45892468058281705,0
1754,2560-WBWXF,0.011763345105382607,0
5171,7273-TEFQD,0.5554162831659141,1
3053,4369-HTUIF,0.7173666351523758,1
6107,8646-JCOMS,0.07756187922933074,0
5686,8012-SOUDQ,0.40609658333151727,0
2323,3320-VEOYC,0.6965454628636477,1
5403,7613-LLQFO,0.6657104719734518,1
6398,9061-TIHDA,0.7031188754100762,1
1731,2520-SGTTA,0.08360594293008264,0
5727,8063-RJYNF,0.6744037414252883,1
5759,8099-MZPUJ,0.10020847022881123,0
4210,5945-AZYHT,0.14729717663986777,0
482,0702-PGIBZ,0.7911423048554098,1
2299,3284-SVCRO,0.017929143493713377,0
3786,5324-KTGCG,0.008658753832625207,0
1908,2778-OCLGR,0.2507218283588825,0
1616,2357-COQEK,0.47750616371747395,0
164,0265-PSUAE,0.5934781435714386,1
2451,3511-APPBJ,0.4715600700316082,0
1720,2507-QZPQS,0.44544986782823404,0
2264,3235-ETOOB,0.6562408354386271,1
4744,6685-GBWJZ,0.021212962125821508,0
1465,2164-SOQXL,0.1067843385823047,0
2498,3571-RFHAR,0.1999013120694975,0
1870,2717-HVIZY,0.1589242130082489,0
5103,7169-YWAMK,0.010275660181347394,0
470,0687-ZVTHB,0.03428981012976713,0
926,1345-ZUKID,0.06942920934537494,0
2882,4110-PFEUZ,0.5843273266844249,1
5415,7627-JKIAZ,0.4079299482867312,0
2852,4072-IPYLT,0.12301538138606823,0
3515,4983-CLMLV,0.2655515808958437,0
1510,2219-MVUSO,0.36923756888436066,0
258,0384-LPITE,0.12539110113291926,0
4416,6227-HWPWX,0.4491109432382097,0
180,0295-PPHDO,0.7898253792418161,1
6364,9018-PCIOK,0.04848303822539225,0
7010,9944-HKVVB,0.7756902669861113,1
357,0524-IAVZO,0.5032435086421941,1
5004,7030-FZTFM,0.04196454238599133,0
4051,5707-ORNDZ,0.296155055493434,0
721,1063-DHQJF,0.05192275715585308,0
5258,7408-OFWXJ,0.015541503029621505,0
3463,4909-JOUPP,0.041029891138519806,0
6900,9798-DRYDS,0.14502872004378659,0
479,0699-NDKJM,0.1835175408212807,0
1326,1972-XMUWV,0.01811177605343471,0
6573,9348-YVOMK,0.40377615600941275,0
6414,9084-OAYKL,0.010039038443757807,0
2734,3891-NLXJB,0.06561370004653985,0
1237,1834-ABKHQ,0.058029719492215345,0
4606,6496-SLWHQ,0.8076162068224171,1
6309,8929-KSWIH,0.17331446935397568,0
4665,6583-KQJLK,0.6844181061913537,1
496,0727-BMPLR,0.20856394997914948,0
4024,5673-FSSMF,0.5063197256545798,1
1802,2632-UCGVD,0.16752631942852975,0
972,1403-LKLIK,0.03537978082473818,0
4030,5684-FJVYR,0.04502925316123724,0
3586,5081-NWSUP,0.12725441680863764,0
1228,1818-ESQMW,0.41872588024693735,0
2608,3719-TDVQB,0.01800904550675988,0
7017,9957-YODKZ,0.699780235712645,1
2575,3679-XASPY,0.1960801797498174,0
4447,6265-SXWBU,0.08113661865379358,0
6969,9889-TMAHG,0.5344543662624824,1
5775,8124-NZVGJ,0.2773677517860562,0
5484,7718-UPSKJ,0.09279309446465019,0
5980,8433-WXGNA,0.710737186931423,1
4922,6923-JHPMP,0.7294798393728762,1
1402,2074-GKOWZ,0.7631790132362457,1
6,0013-SMEOE,0.06677638477167747,0
142,0235-KGSLC,0.7558396338847511,1
3984,5616-PRTNT,0.1596776150443287,0
2803,3987-KQDDU,0.5383902563108366,1
5185,7295-JOMMD,0.6734121345755244,1
5066,7126-RBHSD,0.47834154983468247,0
3470,4918-FYJNT,0.13613649502075317,0
6809,9667-EQRXU,0.3049085908273391,0
2988,4282-MSACW,0.11605221340255154,0
3142,4510-HIMLV,0.6945707210488047,1
5436,7649-SIJJF,0.021367886796681522,0
2365,3389-YGYAI,0.7779313431687597,1
4675,6598-KELSS,0.09798973193097613,0
4357,6141-OOXUQ,0.19669829110896211,0
925,1345-GKDZZ,0.16801628447627806,0
4078,5760-FXFVO,0.692114512435687,1
1916,2791-SFVEW,0.15414647408208937,0
158,0258-NOKBL,0.6620783250008606,1
3629,5141-ZUVBH,0.4892354906429536,0
2871,4090-KPJIP,0.6997553495823783,1
1083,1576-PFZIW,0.06768652888523223,0
1788,2612-PHGOX,0.025691457092951384,0
6574,9350-VLHMB,0.2125942085126613,0
5278,7446-SFAOA,0.04801845137019327,0
4514,6365-HITVU,0.015362156113968656,0
425,0621-TWIEM,0.35344058904776726,0
2,0004-TLHLJ,0.6872780266286719,1
1702,2480-EJWYP,0.18375277727809844,0
5192,7305-ZWMAJ,0.03994819662354304,0
2030,2927-CVULT,0.11291613119305871,0
5702,8035-BUYVG,0.13563796127672517,0
5219,7343-EOBEU,0.282948168937153,0
4515,6365-MTGZX,0.47991015073882426,0
5867,8246-SHFGA,0.12036118543083102,0
1705,2481-SBOYW,0.015561669960379085,0
1098,1597-LHYNC,0.5893766694741807,1
2322,3319-DWOEP,0.7574984959328358,1
5225,7354-OIJLX,0.6535943419140441,1
5635,7943-RQCHR,0.7320385952523477,1
430,0626-QXNGV,0.010115480341906576,0
5607,7895-VONWT,0.38281566831529923,0
6878,9770-LXDBK,0.18714545780021588,0
2544,3640-PHQXK,0.517688316027711,1
4077,5759-RCVCB,0.4085278146174443,0
5875,8261-GWDBQ,0.10974686756133147,0
3688,5197-YPYBZ,0.06012704946201996,0
5752,8092-NLTGF,0.006381890819964497,0
6230,8809-RIHDD,0.09439242999074159,0
2423,3468-DRVQJ,0.2172030757936409,0
1709,2485-ITVKB,0.5355028456298978,1
5699,8033-ATFAS,0.19307131472185515,0
277,0409-WTMPL,0.2245251652183242,0
1832,2672-DZUOY,0.4963873922365713,0
561,0825-CPPQH,0.005938254062429414,0
4448,6266-QHOJZ,0.07932854004794086,0
1689,2462-XIIJB,0.7527841300838615,1
3665,5174-RNGBH,0.23609212112973546,0
5242,7392-YYPYJ,0.6512683745697907,1
6129,8679-LZBMD,0.25028620021143155,0
5507,7754-IXRMC,0.3228595683200812,0
5115,7191-ADRGF,0.0696343780726512,0
5670,7994-UYIVZ,0.7036905099341886,1
4977,6999-CHVCF,0.10583441045411618,0
367,0536-ESJEP,0.06026843756540749,0
6399,9063-ZGTUY,0.038248548537530624,0
2881,4109-CYRBD,0.22965423367375362,0
3922,5519-YLDGW,0.6740169687902631,1
2535,3629-ZNKXA,0.6980171984020487,1
5513,7764-BDPEE,0.1884896903289738,0
3323,4732-RRJZC,0.1646277031083286,0
6042,8563-IIOXK,0.25088298814087456,0
2418,3460-TJBWI,0.03813985631911199,0
2159,3092-IGHWF,0.07486693407790201,0
5672,7995-ZHHNZ,0.05836972165490016,0
5520,7776-QGYJC,0.28159662685301023,0
5129,7218-HKQFK,0.673394766895416,1
5,0013-MHZWF,0.3460556515993735,0
5310,7503-MIOGA,0.0248076729721439,0
3757,5294-IMHHT,0.08987550402192493,0
6174,8740-CRYFY,0.7312075561373947,1
1412,2081-KJSQF,0.28512238464976875,0
42,0071-NDAFP,0.03767706516849176,0
1738,2530-ENDWQ,0.08219043769002315,0
3616,5130-IEKQT,0.534408098106538,1
6509,9233-PSYHO,0.2790462899446347,0
5602,7883-ROJOC,0.1921473520641031,0
6966,9885-CSMWE,0.6259426559035464,1
2518,3597-MVHJT,0.5829734945376598,1
1080,1573-LGXBA,0.18879257789405499,0
1182,1735-XMJVH,0.23079184408537431,0
1140,1679-JRFBR,0.14852623851805,0
3081,4415-WNGVR,0.2234628404200226,0
2982,4274-OWWYO,0.7131387236544602,1
732,1080-BWSYE,0.008791939921009427,0
3154,4525-VZCZG,0.15205599396269542,0
893,1302-UHBDD,0.5038150975984129,1
2579,3685-YLCMQ,0.1307148984662437,0
5574,7853-GVUDZ,0.2847234022274631,0
3359,4791-QRGMF,0.18302552501906824,0
1698,2475-MROZF,0.4185164090748281,0
677,0993-OSGPT,0.023087988842299373,0
2215,3170-NMYVV,0.013403596318372374,0
2940,4193-IBKSW,0.006381890819964497,0
2369,3396-DKDEL,0.0763911003879668,0
1622,2361-UPSND,0.03965325333814624,0
2633,3745-HRPHI,0.01866314971776962,0
4293,6048-NJXHX,0.02968057819209043,0
5713,8048-DSDFQ,0.19840567975810733,0
5349,7554-NEWDD,0.0651204591553955,0
1068,1557-EMYVT,0.12558941084655253,0
4147,5862-BRIXZ,0.06889067967858677,0
3194,4578-PHJYZ,0.04851670812384844,0
4730,6661-EIPZC,0.09450431647833517,0
4505,6351-SCJKT,0.3127510481724694,0
3257,4657-FWVFY,0.46350742400548556,0
4195,5923-GXUOC,0.7605717950195335,1
4287,6035-RIIOM,0.15499960335465673,0
5957,8399-YNDCH,0.3230882415789818,0
4033,5687-DKDTV,0.18126624575601452,0
3594,5093-FEGLU,0.014860321662377317,0
2290,3274-NSDWE,0.006718480090102765,0
1276,1897-OKVMW,0.03384216554598967,0
5281,7450-NWRTR,0.727621544167744,1
5047,7100-FQPRV,0.07102127203578204,0
1451,2143-LJULT,0.012477824094141677,0
5041,7089-IVVAZ,0.6623715082862486,1
5348,7554-AKDQF,0.2838343384541608,0
4769,6712-OAWRH,0.5714951313367964,1
6186,8751-EDEKA,0.42778515774430276,0
5397,7607-QKKTJ,0.2592158079199416,0
598,0875-CABNR,0.6831050957826602,1
876,1268-ASBGA,0.6350363240099066,1
1186,1746-TGTWV,0.6116238492425,1
6007,8480-PPONV,0.06564890947851788,0
1995,2882-DDZPG,0.13816782834862193,0
2582,3692-JHONH,0.2512653853946361,0
2689,3812-LRZIR,0.034350809891173666,0
2946,4195-SMMNX,0.19286534197202448,0
1262,1866-OBPNR,0.6081294173284131,1
5834,8207-DMRVL,0.0449341274046267,0
697,1028-FFNJK,0.4497752533613809,0
1059,1548-ARAGG,0.34093277369556513,0
868,1262-OPMFY,0.6531508380936317,1
5890,8285-ABVLB,0.0062584150515464535,0
2804,3988-RQIXO,0.7760170871683707,1
878,1270-XKUCC,0.028069170240551493,0
5179,7284-BUYEC,0.5837524103375356,1
6697,9512-PHSMG,0.22155286276056604,0
3916,5514-YQENT,0.18778090493992763,0
5889,8280-MQRQN,0.45892468058281705,0
1655,2404-JIBFC,0.04245195420801796,0
5603,7890-VYYWG,0.5325888867142249,1
3639,5149-QYTTU,0.07065980673529428,0
6666,9481-WHGWY,0.012676415379753616,0
5125,7209-JCUDS,0.7250758086923069,1
1470,2172-EJXVF,0.13842718788537775,0
129,0221-WMXNQ,0.5841182608609712,1
1254,1853-ARAAQ,0.38351925807077836,0
2096,3005-TYFRD,0.3599734601520187,0
2296,3280-NMUVX,0.033779687366473236,0
44,0076-LVEPS,0.2259165699611019,0
6767,9609-BENEA,0.08925858526257734,0
4371,6166-YIPFO,0.028795369601165032,0
3147,4518-FZBSX,0.025432190147514425,0
1611,2346-LOCWC,0.009980820682690156,0
6820,9688-YGXVR,0.38712904220567257,0
2956,4223-BKEOR,0.14083377685371615,0
4328,6103-QCKFX,0.062667619195864,0
1773,2592-HODOV,0.07186934115194425,0
2109,3027-YNWZU,0.008681703857108808,0
5174,7277-KAMWT,0.05263809007412231,0
2600,3714-XPXBW,0.1796826640226503,0
280,0412-UCCNP,0.026003005793204886,0
4799,6743-HHQPF,0.1708731735379532,0
4982,7009-LGECI,0.4311514700708115,0
1536,2243-FNMMI,0.10557631136471893,0
6315,8942-DBMHZ,0.1405162575554555,0
5063,7120-RFMVS,0.6532430732476346,1
6386,9052-DHNKM,0.11267142376262525,0
5492,7730-CLDSV,0.0525588382627889,0
904,1319-YLZJG,0.6663638452362948,1
4324,6100-QQHEB,0.6585261819456534,1
3299,4706-AXVKM,0.6756491678116503,1
2460,3521-SYVOR,0.2213310455633348,0
1845,2676-SSLTO,0.037032820585557256,0
2143,3074-GQWYX,0.6874969140892001,1
6145,8707-RMEZH,0.06962414231096624,0
4870,6861-OKBCE,0.14433822988434405,0
4286,6035-BXTTY,0.09289713773117891,0
1036,1498-DQNRX,0.07789802876295022,0
4691,6616-AALSR,0.1216932235138087,0
6241,8821-XNHVZ,0.7354201509293152,1
3713,5223-UZAVK,0.15828418547914705,0
1877,2722-VOJQL,0.10871339504094837,0
6346,8985-OOPOS,0.19750327341555213,0
6926,9825-YCXWZ,0.21153884542130452,0
1455,2150-OEGBV,0.0440781170639417,0
5543,7803-XOCCZ,0.2006031568631605,0
5064,7123-WQUHX,0.14224037871107578,0
2272,3249-VHRIP,0.04686964254866671,0
3814,5364-XYIRR,0.3545412577998099,0
3716,5228-EXCET,0.6411140287919594,1
560,0824-VWDPO,0.1836374055794439,0
3341,4760-THGOT,0.42440108821193884,0
2044,2947-DOMLJ,0.34573230192749976,0
2429,3474-BAFSJ,0.04364187598623599,0
1318,1960-UYCNN,0.7264399735652051,1
1997,2883-ILGWO,0.23776665584416806,0
587,0866-QLSIR,0.08512589699130267,0
5966,8405-IGQFX,0.0853879499307164,0
3439,4877-TSOFF,0.04957251692848684,0
2494,3569-JFODW,0.01588984638788,0
2302,3295-YVUSR,0.6980987406332744,1
193,0308-IVGOK,0.21055257490598567,0
1167,1722-LDZJS,0.01684731532399067,0
1648,2393-DIVAI,0.26886626699449606,0
3203,4588-YBNIB,0.28253501852615825,0
4394,6198-PNNSZ,0.16030558131745143,0
4256,5996-DAOQL,0.28592135690128856,0
6117,8661-BOYNW,0.022352572688099544,0
2636,3750-CKVKH,0.677713608495602,1
3005,4301-VVZKA,0.5888070675864451,1
5724,8060-HIWJJ,0.01970373474063753,0
2382,3410-YOQBQ,0.05775077252566272,0
5878,8263-OKETD,0.2561969873895369,0
4040,5696-JVVQY,0.06881426367135626,0
5862,8241-JUIQO,0.012292040303319145,0
413,0613-WUXUM,0.00991087638401954,0
3711,5222-IMUKT,0.3962868757058009,0
401,0596-BQCEQ,0.2867856272703403,0
858,1245-HARPS,0.05114676188120645,0
5535,7795-CFOCW,0.04489473302707881,0
5527,7781-HVGMK,0.02907046408064942,0
3774,5312-IRCFR,0.13980123212741824,0
71,0115-TFERT,0.5821719027389235,1
1521,2232-DMLXU,0.366381667278574,0
4079,5760-IFJOZ,0.7342409012551637,1
3765,5301-GAUUY,0.4614816463834451,0
5085,7142-HVGBG,0.46743474664848866,0
2324,3323-CPBWR,0.4938424761133559,0
5051,7103-ZGVNT,0.017919338825472315,0
4314,6082-OQFBA,0.05054915635491057,0
6012,8495-LJDFO,0.2054324143655457,0
1349,2005-DWQZJ,0.061913121124730956,0
4750,6689-VRRTK,0.32693580411701256,0
3875,5447-WZAFP,0.22245186589373983,0
5748,8086-OVPWV,0.7285126447920719,1
5750,8089-UZWLX,0.06378146093993933,0
1481,2189-UXTKY,0.2808152989746276,0
1199,1766-GKNMI,0.5122882282602829,1
4816,6772-WFQRD,0.04349539992770835,0
46,0080-EMYVY,0.1413936378224944,0
5810,8181-YHCMF,0.01930275381262184,0
2833,4026-SKKHW,0.3137703446616667,0
5967,8406-LNMHF,0.1394246724218922,0
828,1209-VFFOC,0.028518425872498556,0
2158,3091-FYHKI,0.5466765948464829,1
675,0988-JRWWP,0.4582149762928587,0
6537,9281-OFDMF,0.33295663558742494,0
4864,6856-RAURS,0.7075057737675433,1
2750,3913-FCUUW,0.017100704825827196,0
5751,8091-TTVAX,0.12816218804913096,0
6247,8838-GPHZP,0.013259167243812627,0
5880,8265-HKSOW,0.039330874315101405,0
841,1222-LRYKO,0.18746157911147615,0
2247,3211-AAPKX,0.5304923146109642,1
177,0285-INHLN,0.254968740932344,0
611,0895-UADGO,0.18671242115266984,0
5053,7105-MXJLL,0.11101797855502613,0
3995,5630-IXDXV,0.445855405906386,0
2529,3621-CEOVK,0.7152421309462548,1
5086,7143-BQIBA,0.21573384662554992,0
2428,3473-XIIIT,0.6986276994535874,1
3636,5148-HKFIR,0.04057647667607824,0
4735,6670-MFRPK,0.06782390449187091,0
4027,5678-VFNEQ,0.13427654898034785,0
52,0093-EXYQL,0.44023028671504205,0
5537,7798-JVXYM,0.3052838561270589,0
3801,5346-BZCHP,0.006443522168572544,0
1501,2207-RYYRL,0.013534749974990698,0
4221,5956-VKDTT,0.6809388521093291,1
524,0771-CHWSK,0.03903163448219893,0
2932,4186-ZBUEW,0.08886460397354438,0
1942,2817-NTQDO,0.3519694535077811,0
5393,7603-USHJS,0.6175853996087338,1
5682,8008-ESFLK,0.11249793719850577,0
1061,1550-EENBN,0.46944727542254183,0
762,1106-HRLKZ,0.01930230387435538,0
5158,7251-XFOIL,0.17315242692011523,0
1444,2133-TSRRM,0.5643647912290317,1
335,0495-RVCBF,0.7340843751811347,1
2966,4236-XPXAV,0.6695329700634615,1
6369,9026-RNUJS,0.3110242951848623,0
6207,8779-QRDMV,0.5669699399737623,1
2289,3272-VUHPV,0.20900613829258471,0
2480,3549-ZTMNH,0.09131806510484049,0
2623,3733-LSYCE,0.4800323615258731,0
1923,2799-ARNLO,0.6592999253120044,1
1370,2034-GDRCN,0.7661742474244899,1
6731,9560-ARGQJ,0.6150758812029917,1
4241,5982-FPVQN,0.48618126876415874,0
4677,6599-CEBNN,0.411927563885738,0
5431,7641-TQFHN,0.11185869423885832,0
2928,4183-MYFRB,0.6118722361971897,1
4944,6963-EZQEE,0.0260676810830544,0
5911,8319-QBEHW,0.20343781477587705,0
6053,8577-QSOCG,0.033443588463822754,0
4367,6161-UUUTA,0.7197189065803267,1
4460,6288-CHQJB,0.02082305626809985,0
2827,4018-KJYUY,0.09989855544060379,0
1011,1459-QNFQT,0.017636756796937016,0
4370,6166-ILMNY,0.5759899091458064,1
1915,2790-XUYMV,0.09718666868021739,0
3708,5216-WASFJ,0.4929729461552137,0
4596,6480-YAGIY,0.15097039158982614,0
2792,3973-SKMLN,0.009673915451207393,0
5990,8450-JOVAH,0.36434750436945307,0
1907,2777-PHDEI,0.6241068246825217,1
123,0215-BQKGS,0.4998165735548344,0
4594,6479-SZPLM,0.022348594849928075,0
3956,5569-IDSEY,0.13796074138078973,0
3262,4662-EKDPQ,0.3889385329957591,0
3131,4488-PSYCG,0.1226562932009389,0
3913,5505-OVWQW,0.06331262035685571,0
1226,1814-WFGVS,0.013336205213208144,0
2420,3466-BYAVD,0.29664082835799516,0
983,1428-GTBJJ,0.6302116882092121,1
1637,2379-ENZGV,0.7161739847814804,1
7003,9938-PRCVK,0.018629048966444843,0
3779,5317-FLPJF,0.033730393808869365,0
725,1069-XAIEM,0.75402815100883,1
1158,1702-CCFNJ,0.05163713886059763,0
3459,4903-UYAVB,0.17285575479900095,0
2454,3518-FSTWG,0.10520241278306941,0
6406,9069-LGEUL,0.30621652656558784,0
5968,8409-WQJUX,0.11289261523220673,0
685,1015-JPFYW,0.08895155987704524,0
1448,2138-VFAPZ,0.07884488190728546,0
436,0637-YLETY,0.6801818245088499,1
2589,3703-TTEPD,0.2475086966831927,0
1464,2162-FRZAA,0.015557384366507712,0
5272,7434-SHXLS,0.2005948157192275,0
2849,4065-JJAVA,0.3408760168053601,0
5133,7228-OMTPN,0.7450441970570315,1
6025,8519-IMDHU,0.6449529212719994,1
1277,1897-RCFUM,0.048426529391978265,0
4258,5996-NRVXR,0.20828457480168902,0
2326,3325-FUYCG,0.34067223768091387,0
5389,7601-GNDYK,0.02326408772849458,0
1885,2737-WFVYW,0.5844372144425122,1
6727,9553-DLCLU,0.12846969086962545,0
910,1324-NLTJE,0.16473481634804535,0
566,0835-DUUIQ,0.05003660911051146,0
3544,5022-KVDQT,0.5137362097018192,1
5273,7435-ZNUYY,0.09399211709132986,0
3242,4636-TVXVG,0.01195249611061872,0
997,1448-CYWKC,0.20649007435187106,0
4125,5834-ASPWA,0.7175251024226575,1
4667,6583-SZVGP,0.22208080060507226,0
1203,1768-ZAIFU,0.49663216463230975,0
5850,8224-KDLKN,0.006413010304152944,0
629,0925-VYDLG,0.5928817103055858,1
6608,9391-LMANN,0.14030770990255007,0
5944,8382-SHQEH,0.7006189748951666,1
1524,2234-EOFPT,0.02029055479844423,0
6964,9881-VCZEP,0.18469791556186513,0
175,0281-CNTZX,0.013093659601495704,0
6593,9369-XFEHK,0.45322951336766404,0
1381,2041-JIJCI,0.48702449862314057,0
3889,5469-NUJUR,0.06636072789173472,0
4532,6384-VMJHP,0.017960599556568924,0
1089,1585-MQSSU,0.1457606406739234,0
2095,3005-NFMTA,0.3383948192180855,0
958,1391-UBDAR,0.5061738613575707,1
4695,6620-HVDUJ,0.1347021051706079,0
3118,4472-LVYGI,0.26704282102930704,0
4987,7013-PSXHK,0.09251061406018636,0
5643,7956-XQWGU,0.12701016059093068,0
4083,5766-XQXMQ,0.29474221897608677,0
4971,6993-YGFJV,0.07549508724027848,0
5169,7271-AJDTL,0.3195934859389644,0
5326,7521-YXVZY,0.18580861680392058,0
5119,7203-OYKCT,0.13179667003618442,0
2236,3196-NVXLZ,0.5488128999224497,1
4936,6953-PBDIN,0.012101468137057623,0
747,1092-WPIVQ,0.04828689043498892,0
5960,8402-EIVQS,0.14507767230481985,0
6554,9309-BZGNT,0.03901453028875976,0
794,1159-WFSGR,0.12297274370287456,0
2918,4160-AMJTL,0.15787997902071302,0
1382,2043-WVTQJ,0.3686576562750926,0
5429,7639-SUPCW,0.2693214040497151,0
6626,9415-TPKRV,0.3091643876493142,0
5622,7923-IYJWY,0.08632321714452691,0
5077,7134-MJPDY,0.096644535654592,0
4311,6080-LNESI,0.014108007983094266,0
1244,1842-EZJMK,0.19820501652295822,0
4840,6821-BUXUX,0.7088096867561153,1
3870,5445-GLVOT,0.2731924043265542,0
1677,2446-ZKVAF,0.23777162018590173,0
4097,5792-JALQC,0.031235230682978447,0
5804,8169-SAEJD,0.02925737025821089,0
4469,6302-JGYRJ,0.12287367618562124,0
3133,4495-LHSSK,0.2408015137655479,0
3606,5119-KEPFY,0.49498028215086437,0
1285,1910-FMXJM,0.3138665011260629,0
251,0378-NHQXU,0.5240840054196938,1
2736,3892-NXAZG,0.06976808385165838,0
5608,7898-PDWQE,0.013459640460350772,0
4205,5939-SXWHM,0.01627029111234248,0
3072,4395-PZMSN,0.7265952924506511,1
1690,2465-BLLEU,0.2831308384812294,0
6154,8717-VCTXJ,0.03978873520986798,0
6417,9089-UOWJG,0.39422560754146213,0
5628,7929-DMBCV,0.4448363697050256,0
2381,3410-MHHUM,0.18246012781248133,0
395,0582-AVCLN,0.021081796837856066,0
4642,6549-YMFAW,0.2306250725406786,0
6476,9170-CCKOU,0.5335985381559522,1
528,0774-RMNUW,0.017053381787037882,0
2857,4077-HWUYD,0.02374105520189372,0
1094,1591-XWLGB,0.006025583768520874,0
1487,2193-SFWQW,0.042799032359593474,0
1385,2050-ONYDQ,0.008523383410629849,0
3160,4531-AUZNK,0.140196297951935,0
1798,2626-URJFX,0.43283325879611334,0
6526,9258-CNWAC,0.04582311835027447,0
323,0481-SUMCB,0.28699333852770437,0
3573,5062-CJJKH,0.1015338907019022,0
2482,3551-GAEGL,0.08840624412845358,0
2361,3384-CTMSF,0.43499694393383864,0
5688,8016-NCFVO,0.2970240891106897,0
4670,6586-MYGKD,0.02088116637263814,0
3019,4320-QMLLA,0.31356467685599376,0
3326,4737-AQCPU,0.011039307332443992,0
5323,7519-JTWQH,0.07274048234284304,0
3729,5244-IRFIH,0.5211298314125762,1
3812,5360-XGYAZ,0.029320227604245033,0
693,1024-KPRBB,0.2893468158971583,0
6299,8910-ICHIU,0.2543649015654164,0
6159,8725-JEDFD,0.45389881667213094,0
2116,3039-MJSLN,0.18655039425454814,0
3743,5274-XHAKY,0.4441041566468484,0
5782,8143-ETQTI,0.057192086781844974,0
4146,5859-HZYLF,0.0508503726290101,0
293,0431-APWVY,0.3781267007611624,0
208,0323-XWWTN,0.12928155303187186,0
4165,5889-JTMUL,0.3651323640911738,0
2488,3565-UNOCC,0.5808487766831532,1
4387,6181-AXXYF,0.006381890819964497,0
4847,6834-NXDCA,0.3783184776033708,0
5197,7314-OXENN,0.735427833616306,1
577,0848-SOMKO,0.014240190418146335,0
6741,9572-WUKSB,0.36925953816477775,0
2927,4182-BGSIQ,0.21903018881884723,0
3077,4403-BWPAY,0.11788137826022244,0
5558,7825-ECJRF,0.5788145217383914,1
178,0289-IVARM,0.14931330366281872,0
5058,7110-BDTWG,0.021335611566500635,0
1347,2003-CKLOR,0.17472834667225495,0
2122,3050-GBUSH,0.5245375423185041,1
6302,8915-NNTRC,0.062116871371042014,0
1599,2325-WINES,0.40687112352048194,0
6523,9254-RBFON,0.2838948094598712,0
2318,3317-VLGQT,0.6196830611650337,1
5809,8180-AKMJV,0.43040214723251286,0
2621,3727-RJMEO,0.7081459178646073,1
4192,5919-VCZYM,0.19195246789663192,0
2038,2931-VUVJN,0.10523393040854447,0
2838,4039-PIMHX,0.028836828335979916,0
873,1265-XTECC,0.13044009286003566,0
6955,9866-QEVEE,0.6111556509764546,1
337,0496-AHOOK,0.09334363515771138,0
4914,6917-IAYHD,0.29676268243742127,0
4791,6734-FQAJX,0.07071435096090808,0
1240,1839-FBNFR,0.032019079950389086,0
3308,4713-LZDRV,0.7261825469258933,1
1860,2696-NARTR,0.4954373287305507,0
499,0730-BGQGF,0.016292248074153474,0
5871,8258-GSTJK,0.7081214359501201,1
1426,2101-RANCD,0.23618102793502685,0
3087,4424-TKOPW,0.7780595402631617,1
691,1023-BQXZE,0.05390382028189129,0
6314,8938-UMKPI,0.446097332565689,0
2994,4290-BSXUX,0.5988086742363754,1
4225,5960-WPXQM,0.7315922671285189,1
4488,6333-YDVLT,0.1133557275156105,0
6756,9589-ABEPT,0.05221271829686989,0
2388,3417-TSCIC,0.14491111097206913,0
69,0114-PEGZZ,0.46605422459733736,0
3663,5173-ZXXXL,0.10659738166930854,0
6342,8981-FJGLA,0.6458131310628958,1
1312,1951-IEYXM,0.025165476770792377,0
6940,9844-FELAJ,0.09205721551551593,0
3445,4883-QICIH,0.41048605798445054,0
5249,7398-LXGYX,0.37168415627019347,0
5333,7531-GQHME,0.13957290416385734,0
563,0829-DDVLK,0.06792872461077808,0
4807,6762-QVYJO,0.02772463142863458,0
625,0917-EZOLA,0.09565541770331898,0
3961,5574-NXZIU,0.05635768458530547,0
822,1202-KKGFU,0.17877958935949084,0
538,0793-TWELN,0.7129626195524178,1
4036,5692-ICXLW,0.5215988000848821,1
2403,3440-JPSCL,0.6645401096752978,1
5956,8398-TBIYD,0.040503865377474184,0
3847,5402-HTOTQ,0.24637948699007772,0
5644,7957-RYHQD,0.3817624009090007,0
6432,9107-UKCKY,0.07140014305084136,0
1990,2876-VBBBL,0.28512238464976875,0
6524,9256-JTBNZ,0.1448226162601657,0
5836,8208-EUMTE,0.11394080436634191,0
431,0628-CNQRM,0.13514820122967863,0
3540,5018-LXQQG,0.12192453187644825,0
3254,4654-GGUII,0.16902648562392977,0
5933,8361-LBRDI,0.010753998246327848,0
3796,5338-YHWYT,0.03329107634816708,0
2062,2969-QWUBZ,0.49633324155635833,0
6625,9415-DPEWS,0.49966763329958813,0
3112,4462-CYWMH,0.24717644038944928,0
4554,6418-PIQSP,0.01908773313106144,0
2458,3521-HTQTV,0.02733502865146791,0
2587,3701-SFMUH,0.3792571153972772,0
2709,3858-VOBET,0.5207869397736326,1
896,1304-NECVQ,0.7220750338161607,1
5977,8429-XIBUM,0.6543751979421385,1
3742,5271-YNWVR,0.07905225108320603,0
4467,6298-QDFNH,0.5516913182872449,1
4925,6927-WTFIV,0.4133927197382259,0
1142,1682-VCOIO,0.05130635494962332,0
2466,3528-HFRIQ,0.10404561613073801,0
338,0504-HHAPI,0.42945405438867695,0
5533,7789-HKSBS,0.32390928477032277,0
5877,8263-JQAIK,0.48342970144728176,0
2861,4079-WWQQQ,0.029264545368965743,0
447,0657-DOGUM,0.04819404179755705,0
4473,6308-CQRBU,0.04219977162460793,0
2168,3097-NNSPB,0.4426941403638343,0
4617,6508-NJYRO,0.06633451508378321,0
37,0060-FUALY,0.28856714146099083,0
785,1142-IHLOO,0.1300023581475953,0
4726,6654-QGBZZ,0.1974729979022413,0
402,0599-XNYDO,0.5241774252113928,1
1810,2640-PMGFL,0.3733297029547817,0
1477,2186-QZEYA,0.2546119129928647,0
1920,2796-NNUFI,0.02474802407116977,0
6048,8566-YPRGL,0.2821382277733502,0
5014,7047-YXDMZ,0.10310945024300107,0
5003,7029-RPUAV,0.6924156287339445,1
2947,4198-VFOEA,0.18348574352591,0
2536,3633-CDBUW,0.13237290693560352,0
6636,9432-VOFYX,0.5574473307180204,1
6050,8571-ZCMCX,0.10726174251937143,0
4629,6522-YRBXD,0.5023137557376345,1
4885,6885-PKOAM,0.014924105971710712,0
5018,7054-ENNGU,0.2812780081393882,0
34,0056-EPFBG,0.11607570753780908,0
5814,8184-WMOFI,0.022274092209205096,0
1949,2826-UWHIS,0.24864658829101377,0
1971,2853-CWQFQ,0.37188520356962157,0
501,0731-EBJQB,0.027966229216757104,0
4263,6000-APYLU,0.6752025516367639,1
6219,8791-GFXLZ,0.351670632990796,0
3818,5370-IIVVL,0.25039519867459215,0
2654,3769-MHZNV,0.025302589715739978,0
5362,7571-YXDAD,0.6004124704334053,1
4568,6439-GTPCA,0.2586808828032329,0
4257,5996-EBTKM,0.020403722924137644,0
3706,5214-NLTIT,0.07530706325993071,0
2784,3961-SXAXY,0.42800338582341096,0
881,1272-ILHFG,0.06737290296876386,0
4127,5837-LXSDN,0.19003823583078416,0
1313,1952-DVVSW,0.08104624031706867,0
1141,1680-VDCWW,0.07513338608789182,0
1275,1895-QTKDO,0.31689522075155124,0
3211,4607-CHPCA,0.40680442477254003,0
6613,9397-TZSHA,0.00712931468913179,0
2107,3023-GFLBR,0.36469053772703275,0
5534,7794-JASDG,0.46038382256457205,0
1467,2167-FQSTQ,0.02604483720759792,0
5232,7363-QTBIW,0.6706771035090905,1
5299,7483-IQWIB,0.4754270508885354,0
2111,3030-YDNRM,0.6577853523063899,1
1135,1666-JXLKU,0.5101652120603384,1
6823,9692-TUSXH,0.6653272893332277,1
6324,8952-WCVCD,0.3290678709577042,0
1683,2453-SAFNS,0.030385817719395598,0
3148,4521-WFJAI,0.019116113817301404,0
5342,7548-SEPYI,0.7661954677645456,1
4378,6173-GOLSU,0.22979192085140626,0
849,1229-RCALF,0.12776654848791705,0
870,1264-FUHCX,0.07872387811617891,0
4227,5965-GGPRW,0.06291237322931117,0
3741,5271-DBYSJ,0.6509472827844339,1
559,0823-HSCDJ,0.18392845388538376,0
2841,4054-CUMIA,0.17254599882754865,0
4443,6260-XLACS,0.09910866074216085,0
4130,5842-POCOP,0.7394320458264728,1
4309,6077-BDPXA,0.6796439332449743,1
5410,7622-FWGEW,0.04135294583880462,0
1282,1905-OEILC,0.19623456978096024,0
5987,8443-ZRDBZ,0.6962549663204392,1
6928,9828-QHFBK,0.26340557188398683,0
2285,3261-CQXOL,0.006719270613826091,0
301,0440-UEDAI,0.12969454622222865,0
3175,4550-VBOFE,0.2384147481679528,0
5124,7208-PSIHR,0.06268511238485605,0
5640,7951-VRDVK,0.07536780557216569,0
3195,4580-TMHJU,0.1060882137338387,0
2558,3657-COGMW,0.2994302697449211,0
6877,9770-KXGQU,0.14668487819823461,0
4852,6839-ITVZJ,0.18724403526451844,0
3106,4452-QIIEB,0.2693471394342679,0
1332,1982-FEBTD,0.06380873661503315,0
4247,5989-AXPUC,0.05600472349808023,0
5447,7665-TOALD,0.693739222962566,1
1594,2322-VCZHZ,0.5933703798628007,1
3554,5035-PGZXH,0.2246819356976816,0
1160,1704-NRWYE,0.6754172435834883,1
791,1154-HYWWO,0.05305326429190644,0
609,0895-LMRSF,0.19661605415928368,0
4545,6407-UTSLV,0.742229206210458,1
2495,3569-VLDHH,0.032741587121446154,0
645,0945-TSONX,0.05695183565261823,0
5304,7493-TPUWZ,0.731976629328712,1
3502,4958-GZWIY,0.28824144765737264,0
3012,4311-QTTAI,0.06465897774128422,0
4659,6576-FBXOJ,0.1482338509303192,0
5848,8224-DWCKX,0.6155020362236154,1
5485,7721-DVEKZ,0.19669829110896211,0
2206,3161-ONRWK,0.034287714992612274,0
3527,5003-OKNNK,0.06823934856959865,0
5971,8413-YNHNV,0.017679849426513964,0
2632,3744-ZRRDZ,0.5755182134754254,1
672,0980-PVMRC,0.269157342861668,0
3084,4422-QVIJA,0.12524657472382492,0
921,1337-BOZWO,0.19630062978728113,0
1651,2400-FEQME,0.011177429577774593,0
5651,7967-HYCDE,0.5239953710185667,1
2261,3230-JCNZS,0.09036697245768918,0
1645,2388-LAESQ,0.07079170622341045,0
3089,4429-WYGFR,0.1036243815208908,0
2276,3254-YRILK,0.621343494459859,1
3056,4373-VVHQL,0.4313625738931345,0
3489,4942-VZZOM,0.04987265589432814,0
3483,4933-BSAIP,0.019117825630153615,0
4902,6901-GOGZG,0.03524077678249763,0
3635,5146-YYFRZ,0.007025550594707254,0
4986,7011-CVEUC,0.46893397402874476,0
3141,4508-OEBEY,0.11477724481347999,0
5401,7610-TVOPG,0.20853243732835022,0
6887,9780-FKVVF,0.45387232445130193,0
3558,5044-LRQAQ,0.6412847885397108,1
4041,5696-QURRL,0.4328041801578005,0
1404,2075-PUEPR,0.01093124613077841,0
2660,3779-OSWCF,0.01722785965281003,0
1960,2839-RFSQE,0.19378151630340643,0
2240,3199-NPKCN,0.10825137051298833,0
152,0254-FNMCI,0.06467461672217392,0
6962,9878-TNQGW,0.7314077120035044,1
5553,7817-OMJNA,0.07076950674502078,0
4560,6427-FEFIG,0.11928838135502295,0
1323,1965-DDBWU,0.5221535355121792,1
4162,5884-GCYMI,0.5836136856655847,1
3607,5119-NZPTV,0.5776629435557438,1
1197,1763-WQFUK,0.3148254364676433,0
3886,5465-BUBFA,0.018486382870874826,0
6905,9801-GDWGV,0.5077378939818774,1
5542,7802-EFKNY,0.45736510622684584,0
1999,2885-HIJDH,0.016448640438411568,0
5827,8201-AAXCB,0.20384322367484795,0
450,0661-WCQNQ,0.11140274893704823,0
2471,3537-HPKQT,0.2530006107136712,0
6191,8755-OGKNA,0.010165935212449085,0
4065,5730-RIITO,0.18937406580964633,0
5206,7321-ZNSLA,0.09826104887361824,0
5522,7777-UNYHB,0.20722310174892708,0
209,0324-BRPCJ,0.2425133537456189,0
390,0577-WHMEV,0.545507521678058,1
6036,8550-XSXUQ,0.0952969355063484,0
5385,7598-UAASY,0.6074386019298131,1
6833,9705-ZJBCG,0.09531403124880533,0
2668,3793-MMFUH,0.7023006744034566,1
1941,2817-LVCPP,0.013210757147821777,0
6696,9509-MPYOD,0.03327335223235881,0
4529,6379-RXJRQ,0.6187223354356136,1
3974,5599-HVLTW,0.6300110876414061,1
5723,8059-UDZFY,0.5737193702791658,1
4759,6698-OXETB,0.05699466134890199,0
3700,5206-XZZQI,0.18418660721992808,0
2463,3523-QRQLL,0.21766048436031546,0
6123,8671-KKKOS,0.14091770179664895,0
6326,8958-JPTRR,0.016290885312643447,0
6464,9146-JRIOX,0.14338804669753805,0
5932,8357-EQXFO,0.7489525508428924,1
1046,1525-LNLOJ,0.03152767838673044,0
4786,6729-GDNGC,0.45862490083319307,0
4752,6692-UDPJC,0.5537616366118049,1
1679,2451-YMUXS,0.018411606118515663,0
3458,4903-CNOZC,0.11972030563416289,0
371,0549-CYCQN,0.1707241277036335,0
1761,2576-HXMPA,0.19638905167927667,0
4630,6527-PZFPV,0.07781243513985023,0
2670,3795-CAWEX,0.0783480436014746,0
6078,8617-ENBDS,0.6941718951699672,1
3037,4349-GFQHK,0.3625261812387315,0
6849,9732-EQMWY,0.2878310255157195,0
6093,8630-QSGXK,0.04080520011002265,0
966,1399-UBQIU,0.45610648180964986,0
930,1349-WXNGG,0.19793892505651578,0
210,0325-XBFAC,0.7392661816380823,1
399,0594-UFTUL,0.20024106240851935,0
122,0214-JHPFW,0.017069139930002544,0
6898,9796-BPKIW,0.6358704285692003,1
5590,7872-RDDLZ,0.04430507662440192,0
5293,7472-EQOAV,0.09935572019811473,0
5599,7880-XSOJX,0.3089838706918299,0
750,1095-JUDTC,0.27360980207984936,0
2357,3374-PZLXD,0.06507493475739387,0
1492,2200-DSAAL,0.040644929709083996,0
2383,3411-WLRSQ,0.6983133788339547,1
4275,6022-UGGSO,0.4326869856092087,0
4145,5858-EAFCZ,0.3190185750252303,0
6761,9600-UDOPK,0.5474066909945073,1
4160,5883-GTGVD,0.6737844409643072,1
5214,7337-CINUD,0.06242691497007266,0
6883,9777-IQHWP,0.06736335410554786,0
187,0303-UNCIP,0.07120122364433658,0
5040,7088-FBAWU,0.3144934141508096,0
1730,2519-TWKFS,0.09854890553873119,0
4374,6169-PGNCD,0.03217721660810709,0
380,0564-MUUQK,0.5155932984300196,1
4261,5998-VVEJY,0.3869315020343924,0
6826,9696-RMYBA,0.7048893628478935,1
289,0426-TIRNE,0.2005948157192275,0
980,1422-DGUBX,0.19777871838131889,0
1578,2300-RQGOI,0.020980999352337087,0
4772,6718-BDGHG,0.062434725443496646,0
1811,2642-DTVCO,0.6931819550464555,1
6013,8495-PRWFH,0.10880745551135584,0
3301,4707-MAXGU,0.006519948564087194,0
4814,6771-XWBDM,0.3463487482999833,0
5175,7277-OZCGZ,0.465005053443078,0
3999,5642-MHDQT,0.026666718959156295,0
1883,2731-GJRDG,0.3085560779201538,0
6783,9626-WEQRM,0.4873626144967465,0
466,0680-DFNNY,0.7110439196138083,1
475,0691-JVSYA,0.20453938748986977,0
1562,2273-QCKXA,0.23043201946856573,0
3144,4512-ZUIYL,0.5771851137788951,1
4793,6734-JDTTV,0.012120062348386402,0
5769,8111-RKSPX,0.6800787452311231,1
5314,7508-DQAKK,0.03125363259385724,0
1564,2275-RBYQS,0.43448749158522976,0
4207,5940-AHUHD,0.5893127599714002,1
2922,4174-LPGTI,0.0691024211638201,0
3045,4360-QRAVE,0.16264839381199178,0
6875,9767-FFLEM,0.3553204491201606,0
3205,4592-IWTJI,0.38278126435704296,0
6647,9450-TRJUU,0.3340097046102917,0
3044,4360-PNRQB,0.5711779685308797,1
4343,6127-IYJOZ,0.43665396611376317,0
1838,2674-MIAHT,0.7135633756257741,1
5480,7714-YXSMB,0.6151693591078637,1
2847,4062-HBMOS,0.3839564859790918,0
2133,3063-QFSZL,0.48307202326346355,0
17,0021-IKXGC,0.7040410797317559,1
366,0536-BGFMZ,0.08163179970293254,0
3518,4988-IQIGL,0.7171280247622721,1
3744,5275-PMFUT,0.028850185657613377,0
2504,3580-REOAC,0.35031437956473954,0
4756,6695-AMZUF,0.015705933359610093,0
935,1354-YZFNB,0.07204237513577476,0
1155,1699-HPSBG,0.16444711204635068,0
6539,9282-IZGQK,0.7538465055408079,1
6617,9402-ORRAH,0.6709456344186966,1
4889,6892-BOGQE,0.009863337401713643,0
1007,1455-ESIQH,0.7684398690794165,1
5154,7248-VZQLC,0.34714646267007276,0
6202,8775-ERLNB,0.60672851374675,1
2333,3339-EAQNV,0.11547949358924153,0
6403,9067-YGSCA,0.009946769783460072,0
4196,5924-IFQTT,0.32685837012514485,0
1584,2308-STERM,0.18998588548316142,0
2254,3221-CJMSG,0.17264591907695587,0
4611,6502-MJQAE,0.693739222962566,1
2713,3863-QSTYI,0.06680824300415143,0
908,1322-AGOQM,0.10848352878693682,0
6721,9546-KDTRB,0.11974890185164441,0
6169,8735-SDUFN,0.006326253378734945,0
1861,2696-RZVZW,0.0074695257308854315,0
2203,3158-MOERK,0.785244811390515,1
3731,5248-KWLAR,0.01630794795700324,0
3280,4686-GEFRM,0.056542503427624166,0
4129,5840-NVDCG,0.08058974015006719,0
863,1254-IZEYF,0.5665010112674632,1
1417,2085-JVGAD,0.059153805016855285,0
6996,9928-BZVLZ,0.1195781584452674,0
6641,9443-JUBUO,0.029098113342724507,0
4093,5787-KXGIY,0.005739572259989057,0
2628,3737-XBQDD,0.5594469974968937,1
5653,7969-AULMZ,0.6452313322892695,1
3940,5546-BYZSM,0.051306517288742734,0
1006,1453-RZFON,0.3426381412755648,0
3403,4827-DPADN,0.0218866500554024,0
4074,5753-QQWPW,0.09674761808450379,0
1590,2320-SLKMB,0.2445592422660136,0
4441,6259-WJQLC,0.46513362100317185,0
5417,7629-WIXZF,0.2868341413359251,0
4850,6838-HVLXG,0.14016187655313891,0
5443,7663-RGWBC,0.42848287118777256,0
1076,1568-BEKZM,0.016833819164668844,0
6514,9242-TKFSV,0.02901524199446172,0
5969,8410-BGQXN,0.178521660038192,0
211,0326-VDYXE,0.12435440015746706,0
3772,5310-NOOVA,0.015518732061500532,0
5046,7096-ZNBZI,0.006596499165023562,0
4297,6050-IJRHS,0.1444861554231516,0
6864,9752-ZNQUT,0.4499431313818729,0
3040,4353-HYOJD,0.1618730069429416,0
6653,9467-ROOLM,0.08831908109126062,0
8,0015-UOCOJ,0.3923094626504521,0
1484,2190-PHBHR,0.08043800015324225,0
1476,2181-UAESM,0.34973872811335294,0
3605,5118-MUEYH,0.3062468790534289,0
5090,7153-CHRBV,0.033832831409258995,0
4861,6851-WEFYX,0.5328643626206971,1
1138,1676-MQAOA,0.018700504300288627,0
950,1376-HHBDV,0.21361970179852183,0
4208,5940-NFXKV,0.6001651039180845,1
2089,2996-XAUVF,0.01936479990610387,0
4646,6556-DBKZF,0.03788046124446274,0
6639,9441-QHEVC,0.19500202113237058,0
5335,7537-CBQUZ,0.31690032084135306,0
3829,5380-XPJNZ,0.029388938644424507,0
6515,9244-ZVAPM,0.32393079637665373,0
5692,8019-ENHXU,0.33192622382702863,0
6873,9764-REAFF,0.00922719969382573,0
1351,2011-TRQYE,0.37767426460396103,0
3297,4703-MQYKT,0.039043630824987616,0
5111,7182-OVLBJ,0.127445348333562,0
6722,9547-ITEFG,0.7610991158565105,1
4399,6202-DYYFX,0.36708503709333806,0
6897,9795-VOWON,0.27976146727194057,0
2378,3404-JNXAX,0.19639102934816802,0
5352,7560-QRBXH,0.020218442775726476,0
5491,7729-XBTWX,0.011649153911268022,0
4803,6752-APNJL,0.10664287280313854,0
2698,3838-OZURD,0.275148030394923,0
1647,2391-SOORI,0.3150162575463577,0
6540,9283-LZQOH,0.6115646462590824,1
1944,2821-WARNZ,0.019290326881136334,0
2823,4013-GUXND,0.20028097769359207,0
3261,4661-NJEUX,0.2843247560618912,0
2265,3237-AJGEH,0.3742905655000672,0
6615,9399-APLBT,0.7145388006350428,1
317,0471-ARVMX,0.1815835928382401,0
723,1066-JKSGK,0.19825000289615702,0
5729,8065-BVEPF,0.25998441863200594,0
35,0057-QBUQH,0.030511691762278782,0
2756,3923-CSIHK,0.2644157297267817,0
1888,2739-CCZMB,0.17567359221126455,0
3683,5195-KPUNQ,0.1348637629230946,0
6688,9503-XJUME,0.017306812263048612,0
3696,5203-XEHAX,0.08996332629704337,0
4640,6549-BTYPG,0.026261221642097904,0
4016,5656-MJEFC,0.040151034098873245,0
5658,7975-TZMLR,0.27533481040613833,0
2042,2937-FTHUR,0.2673178424036671,0
3353,4782-OSFXZ,0.02245894147945369,0
3600,5110-CHOPY,0.03855405270103627,0
2408,3450-WXOAT,0.12088341054878302,0
43,0074-HDKDG,0.17530350035615644,0
495,0725-CXOTM,0.12384800260937692,0
2349,3365-SAIGS,0.6178632334042491,1
3571,5060-TQUQN,0.36514801178322426,0
5339,7542-CYDDM,0.11428265779523225,0
56,0096-FCPUF,0.26976916265387524,0
3150,4522-AKYLR,0.368827558661231,0
663,0970-ETWGE,0.7700042079895706,1
6319,8945-MUQUF,0.21706613221847518,0
4721,6650-VJONK,0.42704482151232454,0
575,0843-WTBXE,0.2088769146504822,0
242,0373-AIVNJ,0.23140443164518282,0
2846,4061-UKJWL,0.3068267535704691,0
6852,9734-UYXQI,0.4443857803224979,0
2113,3030-ZKIWL,0.19793892505651578,0
2058,2961-VNFKL,0.010877459470046025,0
3007,4304-TSPVK,0.05229506046305034,0
4049,5702-KVQRD,0.022394542340350033,0
6006,8474-UMLNT,0.2147615041565952,0
2018,2911-IJORQ,0.12174291163740353,0
2501,3577-AMVUX,0.2519240375555849,0
5255,7402-PWYJJ,0.1225731852472203,0
1342,2000-DHJUY,0.027945151554415,0
2657,3776-EKTKM,0.551525029710654,1
4480,6322-PJJDJ,0.1747718080140348,0
6277,8882-TLVRW,0.012354333361357875,0
5494,7733-UDMTP,0.17276872306437036,0
3411,4832-VRBMR,0.1606517890895867,0
2700,3841-NFECX,0.052216626322650075,0
4698,6621-YOBKI,0.17567359221126455,0
3991,5627-TVBPP,0.05186902385596643,0
147,0244-LGNFY,0.016418902117442714,0
6185,8750-QWZAJ,0.006252328497441329,0
92,0148-DCDOS,0.5971637493685108,1
6490,9199-PWQVC,0.06638270408130324,0
3013,4312-GVYNH,0.023365939749275918,0
6085,8624-GIOUT,0.14020327631274412,0
6889,9786-IJYDL,0.2322823461431438,0
3924,5522-JBWMO,0.3171072151807629,0
1733,2522-AHJXR,0.23320491036335447,0
5560,7826-VVKWT,0.3625676217405762,0
1005,1452-XRSJV,0.11119221107289565,0
3747,5277-ZLOOR,0.7487312663353975,1
1974,2858-EIMXH,0.2077439988195289,0
4161,5884-FBCTL,0.006425500270672926,0
934,1353-LJWEM,0.29334986004720087,0
426,0623-EJQEG,0.054414895709926636,0
5972,8414-MYSHR,0.7487535505722357,1
156,0257-KXZGU,0.1696162707656612,0
4245,5985-TBABQ,0.11566595874632303,0
2665,3786-WOVKF,0.13611278671328042,0
3452,4893-GYUJU,0.02952177019653708,0
2835,4030-VPZBD,0.3828036301595815,0
6735,9565-DJPIB,0.6499357172731166,1
2581,3689-MOZGR,0.18216380068494828,0
3431,4860-YZGZM,0.14886546734969314,0
4105,5804-HYIEZ,0.2496117911600636,0
1921,2796-UUZZO,0.20785373314837738,0
4167,5893-KCLGT,0.009288140021149282,0
4731,6661-HBGWL,0.4854968207699787,0
5538,7799-DSEWS,0.26888118964612073,0
6930,9831-BPFRI,0.1876181862969788,0
3669,5176-LMJXE,0.02411884215678592,0
3324,4735-ASGMA,0.6051550051762531,1
0,0002-ORFBO,0.19821565111390285,0
6758,9592-ERDKV,0.10557679054664751,0
3487,4939-KYYPY,0.11983100379991754,0
4588,6474-FVJLC,0.7503854999712111,1
6222,8800-JOOCF,0.6639650372281108,1
5096,7159-NOKYQ,0.09354201539724986,0
1099,1599-EAHXY,0.01392336219740373,0
641,0939-YAPAF,0.5301824444952266,1
6948,9851-QXEEQ,0.4947848737221914,0
1876,2722-JMONI,0.45455157738735985,0
3805,5351-QESIO,0.3753878535341438,0
376,0562-FGDCR,0.011575579004066711,0
3151,4522-XRWWI,0.055114866262720434,0
411,0611-DFXKO,0.6160400932072677,1
2859,4079-ULGFR,0.12213043241802994,0
4392,6195-MELTI,0.03097935305103928,0
5792,8152-VETUR,0.08527307368125163,0
5228,7359-PTSXY,0.3245744209323726,0
4623,6518-LGAOV,0.3921665816129086,0
2356,3374-LXDEV,0.43385249232529394,0
1759,2573-GYRUU,0.3646602391355557,0
4822,6778-YSNIH,0.49115422802004105,0
6331,8966-OIQHG,0.053491883670959126,0
1639,2380-DAMQP,0.04544106885886293,0
2733,3890-RTCMS,0.21515517140516383,0
4088,5777-ZPQNC,0.07561104569703797,0
3978,5605-IYGFG,0.644207604735538,1
2477,3545-CNWRG,0.38926883641440757,0
892,1302-TPUBN,0.007212119717133925,0
5582,7858-GTZSP,0.6747989412919622,1
1665,2428-ZMCTB,0.14824622737384344,0
1283,1907-UBQFC,0.6313426840593098,1
1062,1550-LOAHA,0.36445456444613655,0
3240,4636-OLWOE,0.03900895272903717,0
2218,3174-AKMAS,0.03985025280037316,0
5100,7164-BPTUT,0.027086221317265614,0
3259,4659-NZRUF,0.6527965660926395,1
5546,7812-FZHPE,0.12672113580991493,0
231,0357-NVCRI,0.0899086245847591,0
1239,1837-YQUCE,0.027481413377941584,0
4268,6010-DDPPW,0.006938123151763155,0
182,0297-RBCSG,0.14382857375102812,0
634,0929-HYQEW,0.43860119979027534,0
5285,7460-ITWWP,0.36872561677003723,0
4491,6339-RZCBJ,0.030873267381160446,0
5372,7586-ZATGZ,0.40843162173911574,0
6106,8645-KWHJO,0.38615979967060327,0
4717,6646-VRFOL,0.37865310293381776,0
1746,2545-EBUPK,0.7431647621750496,1
4020,5668-MEISB,0.03834406629554121,0
2130,3059-NGMXB,0.31658250529933724,0
1745,2542-HYGIQ,0.19762821501581515,0
3733,5248-YGIJN,0.02499788029012872,0
7022,9964-WBQDJ,0.01055568641709077,0
6755,9588-YRFHY,0.022109939902043706,0
4528,6377-WHAOX,0.3279973343935952,0
5700,8033-VCZGH,0.256256528947972,0
1460,2155-AMQRX,0.16176375393098347,0
2825,4013-UBXWQ,0.387621907832398,0
3993,5628-RKIFK,0.2965379532323449,0
855,1240-KNSEZ,0.2845240370913859,0
469,0685-MLYYM,0.5807652570427888,1
444,0654-PQKDW,0.03494475013512406,0
616,0902-RFHOF,0.02941688163411555,0
5500,7743-EXURX,0.3965285142485734,0
1535,2242-MFOTG,0.20421012355114723,0
724,1069-QJOEE,0.047230391056138486,0
5604,7892-POOKP,0.48483914897398495,0
6032,8544-GOQSH,0.49718033551991264,0
2227,3186-BAXNB,0.5588885968771516,1
5955,8397-MVTAZ,0.5386992110342373,1
4426,6242-FEGFD,0.03995555753255189,0
3062,4381-MHQDC,0.03899893482494333,0
7020,9961-JBNMK,0.6427620391563257,1
576,0847-HGRML,0.008497597851653056,0
4845,6828-HMKWP,0.05564381774644433,0
5468,7694-VLBWQ,0.10090643591605747,0
6851,9732-OUYRN,0.019124319454784565,0
4604,6490-FGZAT,0.17104900565936618,0
4126,5835-BEQEU,0.7079190212647585,1
6870,9762-YAQAA,0.17312933863365823,0
1055,1543-LLLFT,0.10588852227482244,0
220,0336-PIKEI,0.0115420185292461,0
6762,9601-BRXPO,0.5141752066186288,1
912,1328-EUZHC,0.043981117898096306,0
4214,5949-HGVJL,0.22909251957179055,0
4891,6892-XPFPU,0.6499508808342,1
5336,7537-RBWEA,0.4963873922365713,0
5631,7932-WPTDS,0.49467404052129316,0
3027,4328-VUFWD,0.0414323423785906,0
6835,9708-KFDBY,0.19949799334343857,0
6763,9602-WCXPI,0.018833376728799978,0
2843,4057-FKCZK,0.0683392022249465,0
6568,9337-SRRNI,0.012969250952299893,0
6484,9184-GALIL,0.057171581926486754,0
6582,9359-UGBTK,0.029949977483449106,0
4262,5999-LCXAO,0.4019012481163683,0
7035,9979-RGMZT,0.5940971683803745,1
4715,6646-JPPHA,0.5066929572692372,1
2935,4188-PCPIG,0.029853581247528196,0
276,0407-BDJKB,0.2847710073180148,0
2098,3007-FDPEA,0.2791810524694633,0
1899,2758-RNWXS,0.21084691993695107,0
1164,1709-EJDOX,0.014889017061581493,0
4400,6202-JVYEU,0.12809941231711044,0
1872,2718-YSKCS,0.009617794517243077,0
1225,1814-DKOLC,0.1906076139028671,0
4206,5939-XAIXZ,0.32285687477044467,0
4098,5793-YOLJN,0.01128616825795322,0
183,0298-XACET,0.028875762641854694,0
1597,2324-EFHVG,0.12604526730243115,0
5762,8104-OSKWT,0.6451499836091272,1
5730,8065-QBYTO,0.07667004268740879,0
4764,6705-LNMDD,0.1287495608142565,0
6073,8608-OZTLB,0.05655171745282355,0
2615,3724-BSCVH,0.08155817592136873,0
4590,6476-EPYZR,0.1406345510055327,0
2598,3714-JTVOV,0.3413551511869166,0
3078,4404-HIBDJ,0.09000441946730657,0
38,0064-SUDOG,0.05487706607760077,0
1522,2233-FAGXV,0.2704244403612411,0
2555,3654-ARMGP,0.02294411758108565,0
4599,6481-OGDOO,0.12180538754631892,0
976,1410-RSCMR,0.37239811239767684,0
1268,1872-EBWSC,0.04116578232182932,0
4493,6339-YPSAH,0.6444500900153121,1
4152,5871-DGTXZ,0.03649783019229397,0
4904,6905-NIQIN,0.3459538176761969,0
5931,8356-WUAOJ,0.4325638327396382,0
6594,9371-BITHB,0.01235934388545391,0
2851,4070-OKWVH,0.24705533288685586,0
255,0380-NEAVX,0.36924514875394865,0
1873,2719-BDAQO,0.55133695576685,1
1686,2458-EOMRE,0.3195299974182964,0
1166,1716-LSAMB,0.021733108386416726,0
5347,7552-KEYGT,0.03127657876566194,0
5357,7566-DSRLQ,0.0649713975783735,0
1471,2176-LVPNX,0.016151616397867323,0
5712,8046-DNVTL,0.025383033509061723,0
6237,8819-IMISP,0.4714625107384624,0
4644,6551-VLJMV,0.024355363361892646,0
4846,6833-JMZYP,0.6816623847638289,1
3947,5561-NWEVX,0.6204337883454633,1
4619,6510-UPNKS,0.055614717117680144,0
1378,2040-OBMLJ,0.1430447853418392,0
3039,4351-QLCSU,0.4811162625938573,0
6979,9906-NHHVC,0.05054841639965969,0
1445,2135-DQWAQ,0.7256216637847295,1
5765,8107-RZLNV,0.09936006982666515,0
185,0301-KOBTQ,0.04156928357380565,0
4999,7025-WCBNE,0.022176308476524426,0
4860,6849-WLEYG,0.1970078981011496,0
688,1017-FBQMM,0.11713717162269927,0
